[
  {
    "titulo": "Multimidia 7 Polegadas Mp5 Espelhamento Bluetooth Usb Sd Com Controle Remoto Preto",
    "imagem_url": "https://http2.mlstatic.com/D_NQ_NP_917884-MLA99450741012_112025-O.webp",
    "link_destino": "https://mercadolivre.com/sec/1YpNoND",
    "preco": null,
    "descricao": "Visite a página e encontre todos os produtos de ANTÔNIO ALDEMIRO em um só lugar.",
    "localizacao": "sidebar",
    "ativo": true
  },
  {
    "titulo": "Vipal Tr300 Pneu Xre 190 Crosser 150 Bros 150 110/90-17 60p",
    "imagem_url": "https://http2.mlstatic.com/D_NQ_NP_840964-MLA99927340031_112025-O.webp",
    "link_destino": "https://mercadolivre.com/sec/2WuA69v",
    "preco": null,
    "descricao": "Visite a página e encontre todos os produtos de ANTÔNIO ALDEMIRO em um só lugar.",
    "localizacao": "sidebar",
    "ativo": true
  },
  {
    "titulo": "Kit 10 Radio Walk Talk Comunicador 16 Ch 12km Baofeng 777 Ht Cor Preto",
    "imagem_url": "https://http2.mlstatic.com/D_NQ_NP_914931-MLA99459898134_112025-O.webp",
    "link_destino": "https://mercadolivre.com/sec/2Q2b31i",
    "preco": null,
    "descricao": "Visite a página e encontre todos os produtos de ANTÔNIO ALDEMIRO em um só lugar.",
    "localizacao": "sidebar",
    "ativo": true
  },
  {
    "titulo": "Rastreador Veicular Gps Com Bloqueador E Aplicativo Em Tempo Real Rpg-4g Indicado Para Moto, Carro, Caminhão E Veículos Elétricos. Preto",
    "imagem_url": "https://http2.mlstatic.com/D_NQ_NP_957300-MLA104155632809_012026-O.webp",
    "link_destino": "https://mercadolivre.com/sec/1U1oCB2",
    "preco": null,
    "descricao": "Visite a página e encontre todos os produtos de ANTÔNIO ALDEMIRO em um só lugar.",
    "localizacao": "sidebar",
    "ativo": true
  },
  {
    "titulo": "3 Câmera Automotiva Veicular Carro Hd Noturna 1080p Icarbonx",
    "imagem_url": "https://http2.mlstatic.com/D_NQ_NP_928984-MLA99926475771_112025-O.webp",
    "link_destino": "https://mercadolivre.com/sec/1KLGfYg",
    "preco": null,
    "descricao": "Visite a página e encontre todos os produtos de ANTÔNIO ALDEMIRO em um só lugar.",
    "localizacao": "sidebar",
    "ativo": true
  },
  {
    "titulo": "Radio Pioneer Mp3 Player Automotivo Som Universal Completo",
    "imagem_url": "https://http2.mlstatic.com/D_NQ_NP_924275-MLB96964077181_112025-O.webp",
    "link_destino": "https://mercadolivre.com/sec/2X6bw26",
    "preco": null,
    "descricao": "Visite a página e encontre todos os produtos de ANTÔNIO ALDEMIRO em um só lugar.",
    "localizacao": "sidebar",
    "ativo": true
  },
  {
    "titulo": "Kit De 2 Pneus Pirelli P400 Evo P 175/65r14 82 T",
    "imagem_url": "https://http2.mlstatic.com/D_NQ_NP_674754-MLU77112581687_062024-O.webp",
    "link_destino": "https://mercadolivre.com/sec/2w2LxKq",
    "preco": null,
    "descricao": "Visite a página e encontre todos os produtos de ANTÔNIO ALDEMIRO em um só lugar.",
    "localizacao": "sidebar",
    "ativo": true
  },
  {
    "titulo": "Som Rádio Automotivo Bluetooth Usb Card Sd Aux Fm Mp3 H-tech",
    "imagem_url": "https://http2.mlstatic.com/D_NQ_NP_875538-MLA99920916959_112025-O.webp",
    "link_destino": "https://mercadolivre.com/sec/21SmTpS",
    "preco": null,
    "descricao": "Visite a página e encontre todos os produtos de ANTÔNIO ALDEMIRO em um só lugar.",
    "localizacao": "sidebar",
    "ativo": true
  },
  {
    "titulo": "Kit 4 Pneus Cr65772 Radial Aro 15 185/65r15 Westlake",
    "imagem_url": "https://http2.mlstatic.com/D_NQ_NP_832362-MLU76912105772_062024-O.webp",
    "link_destino": "https://mercadolivre.com/sec/2T9yJvu",
    "preco": null,
    "descricao": "Visite a página e encontre todos os produtos de ANTÔNIO ALDEMIRO em um só lugar.",
    "localizacao": "sidebar",
    "ativo": true
  },
  {
    "titulo": "Capacete Couro Coquinho Pro Tork Custom Bike Moto Cor Preto",
    "imagem_url": "https://http2.mlstatic.com/D_NQ_NP_821183-MLA99350065036_112025-O.webp",
    "link_destino": "https://mercadolivre.com/sec/1vdRrsd",
    "preco": null,
    "descricao": "Visite a página e encontre todos os produtos de ANTÔNIO ALDEMIRO em um só lugar.",
    "localizacao": "sidebar",
    "ativo": true
  },
  {
    "titulo": "Kit 2 Pneus 175/70r14 Firestone F-600 84t Aro 14",
    "imagem_url": "https://http2.mlstatic.com/D_NQ_NP_832593-MLA99444299228_112025-O.webp",
    "link_destino": "https://mercadolivre.com/sec/1HjgXv6",
    "preco": null,
    "descricao": "Visite a página e encontre todos os produtos de ANTÔNIO ALDEMIRO em um só lugar.",
    "localizacao": "sidebar",
    "ativo": true
  },
  {
    "titulo": "Modulo Taramps Hd 3000 2 Ohms Amplificador 3000w Hd3000 Potencia 3000 2ohm Digital Potencia Hd 3000 Rms Som Automotivo Carro Caminhonete",
    "imagem_url": "https://http2.mlstatic.com/D_NQ_NP_853864-MLA99934815633_112025-O.webp",
    "link_destino": "https://mercadolivre.com/sec/1iof18M",
    "preco": null,
    "descricao": "Visite a página e encontre todos os produtos de ANTÔNIO ALDEMIRO em um só lugar.",
    "localizacao": "sidebar",
    "ativo": true
  },
  {
    "titulo": "Kit Lavagem Shampoo Cera Tok Final Intense Sintra Fast Vonix",
    "imagem_url": "https://http2.mlstatic.com/D_NQ_NP_980441-MLA106406302541_022026-O.webp",
    "link_destino": "https://mercadolivre.com/sec/2q8gmeK",
    "preco": null,
    "descricao": "Visite a página e encontre todos os produtos de ANTÔNIO ALDEMIRO em um só lugar.",
    "localizacao": "sidebar",
    "ativo": true
  }
]